<PropertyList>
 <sim>
 
  <description>Avro Canada CF-100 Canuck Mk 4</description>
  <aircraft-version>0.1</aircraft-version>
  <status>production</status>
  <author>Connor Toppings</author>
  
  <flight-model>jsb</flight-model>
  <aero>CF-100</aero>
  
  <startup>
            <splash-texture>Aircraft/CF-100/splash.png</splash-texture>
  </startup>
  <model>
   <path>Aircraft/CF-100/Models/CF-100.xml</path>
  </model>
  
 <view n="0">
   <internal archive="y">true</internal>
   <config>
    <pitch-offset-deg>-5.4</pitch-offset-deg>
    <x-offset-m archive="y">0.00</x-offset-m>
    <y-offset-m archive="y">1.0</y-offset-m>
    <z-offset-m archive="y">3.6</z-offset-m>
   </config>
  </view>
 
 <view n="1">
  <config>
   <target-z-offset-m archive="y" type="double">6</target-z-offset-m>
  </config>
 </view>

 <view n="2">
  <config>
   <target-z-offset-m archive="y" type="double">6</target-z-offset-m>
  </config>
 </view>

 <view n="3">
  <config>
   <target-z-offset-m archive="y" type="double">6</target-z-offset-m>
  </config>
 </view>

 <view n="4">
  <config>
   <target-z-offset-m archive="y" type="double">6</target-z-offset-m>
  </config>
 </view>
 
 <submodels> 
      <serviceable type="bool">true</serviceable>
      <path>Aircraft/CF-100/Models/Effects/submodels.xml</path>
    </submodels>
 

 </sim>
 
 
 
 <engines>
  <engine n="0">
   <running>true</running>
   <rpm>1000</rpm>
  </engine>

  <engine n="1">
   <running>true</running>
   <rpm>1000</rpm>
  </engine>
 </engines>
 
 <controls>
 <gear>
			<!-- Start with the Parking Brake on -->
  <brake-parking type="double">1.0</brake-parking>
 </gear>
 </controls>
 
 
 
<input>
  <keyboard>
  <key n="99">
     <name>c</name>
     <desc>toggle canopy</desc>
     <binding>
       <command>property-toggle</command>
       <property>fdm/jsbsim/systems/canopy/command</property>
     </binding>
    </key>
    
   <key n="109">
     <name>m</name>
     <desc>engage nose wheel steering</desc>
     <binding>
      <command>property-assign</command>
      <property>fdm/jsbsim/systems/NWS/engaged</property>
      <value>1</value> 
     </binding>
     <mod-up>
       <binding>
        <command>property-assign</command>
        <property>fdm/jsbsim/systems/NWS/engaged</property>
        <value>0</value> 
       </binding>
     </mod-up>
    </key>
    
    <key n="101">
 <name>e</name>
 <desc>Gun Trigger</desc> 
  <binding>
   <command>property-assign</command>
   <property>controls/armament/trigger</property>
   <value>true</value>
  </binding>
 <mod-up>
  <binding>
   <command>property-assign</command>
   <property>controls/armament/trigger</property>
   <value>false</value>
  </binding> 
 </mod-up>
</key>
  </keyboard>
 </input>
 
</PropertyList>