<PropertyList>

  <path>CF-100.ac</path>
  
  <animation>
   <type>rotate</type>
   <object-name>rudder</object-name>
   <property>surface-positions/rudder-pos-norm</property>
   <factor>18</factor>
   <center>
    <x-m>16.6</x-m>
    <y-m>0.0</y-m>
    <z-m>0.0</z-m>
   </center>
   <axis>
    <x>0.0</x>
    <y>0.0</y>
    <z>1.0</z>
   </axis>
 </animation>
 
 <animation>
  <object-name>aileronL</object-name>
  <type>rotate</type>
  <property>surface-positions/left-aileron-pos-norm</property>
  <factor>18</factor>
  <axis>
     <x1-m>8.69</x1-m>
     <y1-m>-8.12</y1-m>
     <z1-m>-0.38</z1-m>
     <x2-m>8.98</x2-m>
     <y2-m>-5.29</y2-m>
     <z2-m>-0.21</z2-m>
  </axis>
 </animation>
 
  <animation>
  <object-name>aileronR</object-name>
  <type>rotate</type>
  <property>surface-positions/right-aileron-pos-norm</property>
  <factor>18</factor>
  <axis>
     <x1-m>8.69</x1-m>
     <y1-m>8.12</y1-m>
     <z1-m>-0.38</z1-m>
     <x2-m>8.98</x2-m>
     <y2-m>5.29</y2-m>
     <z2-m>-0.21</z2-m>
  </axis>
 </animation>
 
  <animation>
   <type>rotate</type>
   <object-name>elevator</object-name>
   <property>surface-positions/elevator-pos-norm</property>
   <factor>-18</factor>
   <axis>
     <x1-m>16.70</x1-m>
     <y1-m>0.47</y1-m>
     <z1-m>1.68</z1-m>
     <x2-m>16.70</x2-m>
     <y2-m>-0.47</y2-m>
     <z2-m>1.68</z2-m>
  </axis>
 </animation>
 
 <animation>
 <type>spin</type>
 <object-name>turbineL</object-name>
 <property>engines/engine[0]/rpm</property>
 <center>
  <x-m>4.09</x-m>
  <y-m>-1.47</y-m>
  <z-m>0.1</z-m>
 </center>
 <axis>
  <x>1.0</x>
  <y>0.0</y>
  <z>0.0</z>
 </axis>
 </animation>
 
 <animation>
 <type>spin</type>
 <object-name>turbineR</object-name>
 <property>engines/engine[1]/rpm</property>
 <center>
  <x-m>4.09</x-m>
  <y-m>1.47</y-m>
  <z-m>0.1</z-m>
 </center>
 <axis>
  <x>1.0</x>
  <y>0.0</y>
  <z>0.0</z>
 </axis>
 </animation>
 
  <animation>
 <type>rotate</type>
 <object-name>flapR</object-name>
 <property>surface-positions/flap-pos-norm</property>
 <factor>30</factor>
 <axis>
     <x1-m>9.47</x1-m>
     <y1-m>2.36</y1-m>
     <z1-m>-0.30</z1-m>
     <x2-m>9.12</x2-m>
     <y2-m>5.30</y2-m>
     <z2-m>-0.13</z2-m>
  </axis>
 </animation>
 
 <animation>
  <type>rotate</type>
  <object-name>flapBody</object-name>
  <property>surface-positions/flap-pos-norm</property>
  <factor>-30</factor>
  <axis>
     <x1-m>9.53</x1-m>
     <y1-m>0.61</y1-m>
     <z1-m>-0.46</z1-m>
     <x2-m>9.53</x2-m>
     <y2-m>-0.61</y2-m>
     <z2-m>-0.46</z2-m>
  </axis>
 </animation>
 
 <animation>
 <type>rotate</type>
 <object-name>flapL</object-name>
 <property>surface-positions/flap-pos-norm</property>
 <factor>30</factor>
 <axis>
     <x1-m>9.12</x1-m>
     <y1-m>-5.30</y1-m>
     <z1-m>-0.13</z1-m>
     <x2-m>9.47</x2-m>
     <y2-m>-2.36</y2-m>
     <z2-m>-0.30</z2-m>
  </axis>
 </animation>
 
  <animation>
 <type>rotate</type>
 <object-name>spoilerL</object-name>
 <property>surface-positions/spoilers-pos-norm</property>
 <factor>30</factor>
 <axis>
     <x1-m>8.70</x1-m>
     <y1-m>-2.79</y1-m>
     <z1-m>-0.24</z1-m>
     <x2-m>8.57</x2-m>
     <y2-m>-4.83</y2-m>
     <z2-m>-0.13</z2-m>
  </axis>
 </animation>
 
 <animation>
 <type>rotate</type>
 <object-name>spoilerR</object-name>
 <property>surface-positions/spoilers-pos-norm</property>
 <factor>30</factor>
 <axis>
     <x1-m>8.57</x1-m>
     <y1-m>4.83</y1-m>
     <z1-m>-0.13</z1-m>
     <x2-m>8.70</x2-m>
     <y2-m>2.79</y2-m>
     <z2-m>-0.24</z2-m>
  </axis>
 </animation>
 
 <animation>
  <type>rotate</type>
  <object-name>doorFrontMain</object-name>
  <property>gear/gear[1]/position-norm</property>
  <factor>90</factor>
  <center>
  <x-m>2.00</x-m>
  <y-m>0.00</y-m>
  <z-m>-0.64</z-m>
 </center>
 <axis>
  <x>0.0</x>
  <y>1.0</y>
  <z>0.0</z>
 </axis>
 </animation>
 
 <animation>
  <type>rotate</type>
  <object-name>doorFrontBack</object-name>
  <property>gear/gear[1]/position-norm</property>
  <interpolation>
      <entry><ind> 1.00 </ind><dep>  0.00 </dep></entry>
      <entry><ind> 0.40 </ind><dep>  -100.00 </dep></entry>
      <entry><ind> 0.30 </ind><dep>  -100.00 </dep></entry>
      <entry><ind> 0.00 </ind><dep> 0.00 </dep></entry>
  </interpolation>
  <factor>90</factor>
  <center>
  <x-m>3.70</x-m>
  <y-m>0.00</y-m>
  <z-m>-0.73</z-m>
 </center>
 <axis>
  <x>0.0</x>
  <y>1.0</y>
  <z>0.0</z>
 </axis>
 </animation>
 
 <animation>
  <type>rotate</type>
  <object-name>gearFront</object-name>
  <property>gear/gear[1]/position-norm</property>
  <factor>90</factor>
  <offset-deg>-90</offset-deg>
  <center>
  <x-m>2.00</x-m>
  <y-m>0.00</y-m>
  <z-m>-0.64</z-m>
 </center>
 <axis>
  <x>0.0</x>
  <y>1.0</y>
  <z>0.0</z>
 </axis>
 </animation>
 
  <animation>
  <type>rotate</type>
  <object-name>gearMainL</object-name>
  <property>gear/gear[2]/position-norm</property>
  <factor>-90</factor>
  <offset-deg>90</offset-deg>
  <center>
  <x-m>8.12</x-m>
  <y-m>-1.77</y-m>
  <z-m>-0.59</z-m>
 </center>
 <axis>
  <x>1.0</x>
  <y>0.0</y>
  <z>0.0</z>
 </axis>
 </animation>
 
  <animation>
  <type>rotate</type>
  <object-name>doorMainLMain</object-name>
  <property>gear/gear[2]/position-norm</property>
  <factor>-90</factor>
  <center>
  <x-m>8.12</x-m>
  <y-m>-1.77</y-m>
  <z-m>-0.59</z-m>
 </center>
 <axis>
  <x>1.0</x>
  <y>0.0</y>
  <z>0.0</z>
 </axis>
 </animation>
 
 <animation>
  <type>rotate</type>
  <object-name>doorMainLInside</object-name>
  <property>gear/gear[2]/position-norm</property>
  <interpolation>
      <entry><ind> 1.00 </ind><dep>  0.00 </dep></entry>
      <entry><ind> 0.40 </ind><dep>  100.00 </dep></entry>
      <entry><ind> 0.30 </ind><dep>  100.00 </dep></entry>
      <entry><ind> 0.00 </ind><dep> 0.00 </dep></entry>
  </interpolation>
  <factor>90</factor>
  <center>
  <x-m>8.27</x-m>
  <y-m>0.00</y-m>
  <z-m>-0.69</z-m>
 </center>
 <axis>
  <x>1.0</x>
  <y>0.0</y>
  <z>0.0</z>
 </axis>
 </animation>
 
 <animation>
  <type>rotate</type>
  <object-name>gearMainR</object-name>
  <property>gear/gear[3]/position-norm</property>
  <factor>90</factor>
  <offset-deg>-90</offset-deg>
  <center>
  <x-m>8.12</x-m>
  <y-m>1.77</y-m>
  <z-m>-0.59</z-m>
 </center>
 <axis>
  <x>1.0</x>
  <y>0.0</y>
  <z>0.0</z>
 </axis>
 </animation>
 
 <animation>
  <type>rotate</type>
  <object-name>doorMainRMain</object-name>
  <property>gear/gear[3]/position-norm</property>
  <factor>90</factor>
  <center>
  <x-m>8.12</x-m>
  <y-m>1.77</y-m>
  <z-m>-0.59</z-m>
 </center>
 <axis>
  <x>1.0</x>
  <y>0.0</y>
  <z>0.0</z>
 </axis>
 </animation>
 
  <animation>
  <type>rotate</type>
  <object-name>doorMainRInside</object-name>
  <property>gear/gear[3]/position-norm</property>
  <interpolation>
      <entry><ind> 1.00 </ind><dep>  0.00 </dep></entry>
      <entry><ind> 0.40 </ind><dep>  -100.00 </dep></entry>
      <entry><ind> 0.30 </ind><dep>  -100.00 </dep></entry>
      <entry><ind> 0.00 </ind><dep> 0.00 </dep></entry>
  </interpolation>
  <factor>-90</factor>
  <center>
<x-m>8.27</x-m>
  <y-m>0.00</y-m>
  <z-m>-0.69</z-m>
 </center>
 <axis>
  <x>1.0</x>
  <y>0.0</y>
  <z>0.0</z>
 </axis>
 </animation>
 
 
 
</PropertyList>