<?xml version="1.0" encoding="UTF-8"?>

<PropertyList>

  <submodel>
    <name>1</name>
    <model>Aircraft/CF-100/Models/Effects/apibullet-tracer.xml</model>
    <trigger>controls/armament/trigger</trigger>
    <speed>2460.0</speed>
    <repeat>true</repeat>
    <delay>0.01</delay>
    <count>-1</count>
    <x-offset>  4.10 </x-offset>
    <y-offset> 0.60 </y-offset>
    <z-offset>  -0.56 </z-offset>
    <yaw-offset> 0.0 </yaw-offset>
    <pitch-offset> 0.0 </pitch-offset>
    <life>4.0</life>
    <wind>false</wind>
    <weight>0.07495</weight>
    <cd>0.193</cd>
    <eda>0.00571198</eda> 
    <collision>true</collision>
    <collision-report>sim/ai/aircraft/collision/gun</collision-report>
    <impact>true</impact>
    <impact-report>sim/ai/aircraft/impact/bullet</impact-report>
    <submodel-path>Aircraft/CF-100/Models/Effects/bullet-submodel.xml</submodel-path>
  </submodel>

  <submodel>
    <name>2</name>
    <model>Aircraft/CF-100/Models/Effects/apibullet-tracer.xml</model>
    <trigger>controls/armament/trigger</trigger>
    <speed>2460.0</speed>
    <repeat>true</repeat>
    <delay>0.01</delay>
    <count>-1</count>
    <x-offset>  4.10 </x-offset>
    <y-offset> 0.45 </y-offset>
    <z-offset>  -0.65 </z-offset>
    <yaw-offset> 0.0 </yaw-offset>
    <pitch-offset> 0.0 </pitch-offset>
    <life>4.0</life>
    <wind>false</wind>
    <weight>0.07495</weight>
    <cd>0.193</cd>
    <eda>0.00571198</eda> 
    <collision>true</collision>
    <collision-report>sim/ai/aircraft/collision/gun</collision-report>
    <impact>true</impact>
    <impact-report>sim/ai/aircraft/impact/bullet</impact-report>
    <submodel-path>Aircraft/CF-100/Models/Effects/bullet-submodel.xml</submodel-path>
  </submodel>

  <submodel>
    <name>3</name>
    <model>Aircraft/CF-100/Models/Effects/apibullet-tracer.xml</model>
    <trigger>controls/armament/trigger</trigger>
    <speed>2460.0</speed>
    <repeat>true</repeat>
    <delay>0.01</delay>
    <count>-1</count>
    <x-offset>  4.10 </x-offset>
    <y-offset> 0.27 </y-offset>
    <z-offset>  -0.73 </z-offset>
    <yaw-offset> 0.0 </yaw-offset>
    <pitch-offset> 0.0 </pitch-offset>
    <life>4.0</life>
    <wind>false</wind>
    <weight>0.07495</weight>
    <cd>0.193</cd>
    <eda>0.00571198</eda> 
    <collision>true</collision>
    <collision-report>sim/ai/aircraft/collision/gun</collision-report>
    <impact>true</impact>
    <impact-report>sim/ai/aircraft/impact/bullet</impact-report>
    <submodel-path>Aircraft/CF-100/Models/Effects/bullet-submodel.xml</submodel-path>
  </submodel>

  <submodel>
    <name>4</name>
    <model>Aircraft/CF-100/Models/Effects/apibullet-tracer.xml</model>
    <trigger>controls/armament/trigger</trigger>
    <speed>2460.0</speed>
    <repeat>true</repeat>
    <delay>0.01</delay>
    <count>-1</count>
    <x-offset>  4.10 </x-offset>
    <y-offset> 0.09 </y-offset>
    <z-offset>  -0.76 </z-offset>
    <yaw-offset> 0.0 </yaw-offset>
    <pitch-offset> 0.0 </pitch-offset>
    <life>4.0</life>
    <wind>false</wind>
    <weight>0.07495</weight>
    <cd>0.193</cd>
    <eda>0.00571198</eda> 
    <collision>true</collision>
    <collision-report>sim/ai/aircraft/collision/gun</collision-report>
    <impact>true</impact>
    <impact-report>sim/ai/aircraft/impact/bullet</impact-report>
    <submodel-path>Aircraft/CF-100/Models/Effects/bullet-submodel.xml</submodel-path>
  </submodel>

  <submodel>
    <name>5</name>
    <model>Aircraft/CF-100/Models/Effects/apibullet-tracer.xml</model>
    <trigger>controls/armament/trigger</trigger>
    <speed>2460.0</speed>
    <repeat>true</repeat>
    <delay>0.01</delay>
    <count>-1</count>
    <x-offset>  4.10 </x-offset>
    <y-offset> -0.60 </y-offset>
    <z-offset>  -0.56 </z-offset>
    <yaw-offset> 0.0 </yaw-offset>
    <pitch-offset> 0.0 </pitch-offset>
    <life>4.0</life>
    <wind>false</wind>
    <weight>0.07495</weight>
    <cd>0.193</cd>
    <eda>0.00571198</eda> 
    <collision>true</collision>
    <collision-report>sim/ai/aircraft/collision/gun</collision-report>
    <impact>true</impact>
    <impact-report>sim/ai/aircraft/impact/bullet</impact-report>
    <submodel-path>Aircraft/CF-100/Models/Effects/bullet-submodel.xml</submodel-path>
  </submodel>

  <submodel>
    <name>6</name>
    <model>Aircraft/CF-100/Models/Effects/apibullet-tracer.xml</model>
    <trigger>controls/armament/trigger</trigger>
    <speed>2460.0</speed>
    <repeat>true</repeat>
    <delay>0.01</delay>
    <count>-1</count>
    <x-offset>  4.10 </x-offset>
    <y-offset> -0.45 </y-offset>
    <z-offset>  -0.65 </z-offset>
    <yaw-offset> 0.0 </yaw-offset>
    <pitch-offset> 0.0 </pitch-offset>
    <life>4.0</life>
    <wind>false</wind>
    <weight>0.07495</weight>
    <cd>0.193</cd>
    <eda>0.00571198</eda> 
    <collision>true</collision>
    <collision-report>sim/ai/aircraft/collision/gun</collision-report>
    <impact>true</impact>
    <impact-report>sim/ai/aircraft/impact/bullet</impact-report>
    <submodel-path>Aircraft/CF-100/Models/Effects/bullet-submodel.xml</submodel-path>
  </submodel>

  <submodel>
    <name>7</name>
    <model>Aircraft/CF-100/Models/Effects/apibullet-tracer.xml</model>
    <trigger>controls/armament/trigger</trigger>
    <speed>2460.0</speed>
    <repeat>true</repeat>
    <delay>0.01</delay>
    <count>-1</count>
    <x-offset>  4.10 </x-offset>
    <y-offset> -0.27 </y-offset>
    <z-offset>  -0.73 </z-offset>
    <yaw-offset> 0.0 </yaw-offset>
    <pitch-offset> 0.0 </pitch-offset>
    <life>4.0</life>
    <wind>false</wind>
    <weight>0.07495</weight>
    <cd>0.193</cd>
    <eda>0.00571198</eda> 
    <collision>true</collision>
    <collision-report>sim/ai/aircraft/collision/gun</collision-report>
    <impact>true</impact>
    <impact-report>sim/ai/aircraft/impact/bullet</impact-report>
    <submodel-path>Aircraft/CF-100/Models/Effects/bullet-submodel.xml</submodel-path>
  </submodel>

  <submodel>
    <name>8</name>
    <model>Aircraft/CF-100/Models/Effects/apibullet-tracer.xml</model>
    <trigger>controls/armament/trigger</trigger>
    <speed>2460.0</speed>
    <repeat>true</repeat>
    <delay>0.01</delay>
    <count>-1</count>
    <x-offset>  4.10 </x-offset>
    <y-offset> -0.09 </y-offset>
    <z-offset>  -0.76 </z-offset>
    <yaw-offset> 0.0 </yaw-offset>
    <pitch-offset> 0.0 </pitch-offset>
    <life>4.0</life>
    <wind>false</wind>
    <weight>0.07495</weight>
    <cd>0.193</cd>
    <eda>0.00571198</eda> 
    <collision>true</collision>
    <collision-report>sim/ai/aircraft/collision/gun</collision-report>
    <impact>true</impact>
    <impact-report>sim/ai/aircraft/impact/bullet</impact-report>
    <submodel-path>Aircraft/CF-100/Models/Effects/bullet-submodel.xml</submodel-path>
  </submodel>

</PropertyList>
