<?xml version="1.0" encoding="UTF-8"?>

<PropertyList>
  <sim>
    <model>
      <livery>
        <name type="string">Trans-Canada Airlines</name>
        <texture>Liveries/ACA_TCA.png</texture>
        <specular>
          <red>   0.3 </red>
          <green> 0.3 </green>
          <blue>  0.3 </blue>
        </specular>
        <emission>
          <red>   0.2 </red>
          <green> 0.2 </green>
          <blue>  0.2 </blue>
        </emission>
      </livery>
      <livery-engine>
        <texture>Liveries/ACA_TCA_prop.png</texture>
        <specular>
          <red>   0.3 </red>
          <green> 0.3 </green>
          <blue>  0.3 </blue>
        </specular>
        <emission>
          <red>   0.2 </red>
          <green> 0.2 </green>
          <blue>  0.2 </blue>
        </emission>
      </livery-engine>
    </model>
  </sim>
</PropertyList>
